ref_area.label,source.label,indicator.label,sex.label,classif1.label,time,obs_value,obs_status.label,note_classif.label,note_indicator.label,note_source.label
Afghanistan,LFS - Labour Force Survey,Average monthly earnings of employees by sex,Sex: Female,Currency: Local currency,2020,10843.294,Break in series,,Currency: AFG - Afghani (AFN) | Break in series: Methodology revised,Repository: ILO-STATISTICS - Micro data processing
Albania,ADM-IR - General Directorate of Taxation,Average monthly earnings of employees by sex,Sex: Female,Currency: Local currency,2022,59813.0,,,Working time arrangement coverage: Full-time and part time workers | Currency: ALB - Lek (ALL),Reference group coverage: Insured persons
Angola,LFS - Employment Survey,Average monthly earnings of employees by sex,Sex: Female,Currency: Local currency,2021,69497.802,,,Currency: AGO - Kwanza (AOA),Repository: ILO-STATISTICS - Micro data processing
Antigua and Barbuda,LFS - Labour Force Survey,Average monthly earnings of employees by sex,Sex: Female,Currency: Local currency,2023,2682.598,,,Currency: ATG - East Caribbean dollar (XCD),Repository: ILO-STATISTICS - Micro data processing
Argentina,"LFS - Permanent Household Survey, Urban",Average monthly earnings of employees by sex,Sex: Female,Currency: Local currency,2023,163516.913,,,Currency: ARG - Argentine peso (ARS),Repository: ILO-STATISTICS - Micro data processing | Geographical coverage: Main cities or metropolitan areas
Armenia,HIES - Households Living Conditions Survey,Average monthly earnings of employees by sex,Sex: Female,Currency: Local currency,2023,121840.729,,,Currency: ARM - Dram (AMD),Repository: ILO-STATISTICS - Micro data processing | Age coverage - maximum age: 75 years old
Aruba,PC - Population and Housing Census,Average monthly earnings of employees by sex,Sex: Female,Currency: Local currency,2010,2713.0,,,Job coverage: Main job currently held | Working time arrangement coverage: Full-time and part time workers | Working time concept: Hours actually worked | Currency: ABW - Florin (AWG),Data reference period: September
Australia,"HIES - Household, Income and Labour Dynamics Survey",Average monthly earnings of employees by sex,Sex: Female,Currency: Local currency,2021,4945.179,,,Currency: AUS - Australian dollar (AUD),Repository: ILO-STATISTICS - Micro data processing
Austria,HIES - EU Statistics on Income and Living Conditions,Average monthly earnings of employees by sex,Sex: Female,Currency: Local currency,2023,3604.806,,,Currency: AUT - Euro (EUR),Repository: ILO-STATISTICS - Micro data processing | Age coverage - minimum age: 16 years old
Azerbaijan,ES - Labour-related Establishment Survey,Average monthly earnings of employees by sex,Sex: Female,Currency: Local currency,2022,655.3,,,Working time arrangement coverage: Full-time and part time workers | Currency: AZE - Azerbaijani manat (AZN),Reference group coverage: Employees
Bahamas,LFS - Labour Force & Household Survey,Average monthly earnings of employees by sex,Sex: Female,Currency: Local currency,2023,5822.117,,,Central tendency measure: Mean or mean of the midpoints of the intervals provided | Currency: BHS - Bahamian dollar (BSD),Repository: ILO-STATISTICS - Micro data processing
Bahrain,ADM-IR - Social Insurance organization Records,Average monthly earnings of employees by sex,Sex: Female,Currency: Local currency,2020,465.0,,,Value type: Real values | Working time arrangement coverage: Full-time and part time workers | Currency: BHR - Bahraini dinar (BHD),
Bangladesh,LFS - Labour Force Survey,Average monthly earnings of employees by sex,Sex: Female,Currency: Local currency,2017,11058.771,,,Currency: BGD - Taka (BDT),Repository: ILO-STATISTICS - Micro data processing
Barbados,HIES - Survey on Living Conditions,Average monthly earnings of employees by sex,Sex: Female,Currency: Local currency,2016,2621.563,,,Currency: BRB - Barbadian dollar (BBD),Repository: ILO-STATISTICS - Micro data processing
Belgium,HIES - EU Statistics on Income and Living Conditions,Average monthly earnings of employees by sex,Sex: Female,Currency: Local currency,2023,5166.568,,,Currency: BEL - Euro (EUR),Repository: ILO-STATISTICS - Micro data processing | Age coverage - minimum age: 16 years old
Belize,LFS - Labour Force Survey,Average monthly earnings of employees by sex,Sex: Female,Currency: Local currency,2020,900.0,,,Central tendency measure: Median | Job coverage: Main job currently held | Working time arrangement coverage: Full-time and part time workers | Currency: BLZ - Belize dollar (BZD),Employment definition: Excluding own-use production workers | Data reference period: September | Population coverage: Excluding institutional population
Benin,HIES - Monitoring Survey of the Modular and Integrated Survey of Household Living Conditions,Average monthly earnings of employees by sex,Sex: Female,Currency: Local currency,2022,57627.524,,,Currency: BEN - West African CFA franc (XOF),Repository: ILO-STATISTICS - Micro data processing
Bermuda,LFS - Labour Force Survey,Average monthly earnings of employees by sex,Sex: Female,Currency: Local currency,2013,6091.5,,,Central tendency measure: Median | Job coverage: Main job currently held | Working time arrangement coverage: Full-time and part time workers | Currency: BMU - Bermudian dollar (BMD),Data reference period: May | Population coverage: Excluding institutional population
Bhutan,LFS - Labour Force Survey,Average monthly earnings of employees by sex,Sex: Female,Currency: Local currency,2023,21913.172,,,Currency: BTN - Ngultrum (BTN),Repository: ILO-STATISTICS - Micro data processing
Bolivia (Plurinational State of),LFS - Continuous Employment Survey,Average monthly earnings of employees by sex,Sex: Female,Currency: Local currency,2023,2767.086,,,Currency: BOL - Bolivian (BOB),Repository: ILO-STATISTICS - Micro data processing
Bosnia and Herzegovina,LFS - Labour Force Survey,Average monthly earnings of employees by sex,Sex: Female,Currency: Local currency,2023,1379.031,Break in series,,Central tendency measure: Mean or mean of the midpoints of the intervals provided | Currency: BIH - Marka (BAM) | Break in series: Methodology revised,Repository: ILO-STATISTICS - Micro data processing
Botswana,HS - Multi-Topic Household Survey,Average monthly earnings of employees by sex,Sex: Female,Currency: Local currency,2023,6088.377,,,Currency: BWA - Pula (BWP),Repository: ILO-STATISTICS - Micro data processing
Brazil,HS - Continuous National Household Sample Survey,Average monthly earnings of employees by sex,Sex: Female,Currency: Local currency,2024,2821.666,,,Currency: BRA - Real (BRL),Repository: ILO-STATISTICS - Micro data processing
Brunei Darussalam,LFS - Labour Force Survey,Average monthly earnings of employees by sex,Sex: Female,Currency: Local currency,2014,1684.674,Break in series,,Currency: BRN - Brunei dollar (BND) | Break in series: Methodology revised,Repository: ILO-STATISTICS - Micro data processing
Bulgaria,HIES - EU Statistics on Income and Living Conditions,Average monthly earnings of employees by sex,Sex: Female,Currency: Local currency,2023,949.164,,,Currency: BGR - Euro (EUR),Repository: ILO-STATISTICS - Micro data processing | Age coverage - minimum age: 16 years old
Burkina Faso,LFS - Regional Integrated Survey on Employment and the Informal Sector,Average monthly earnings of employees by sex,Sex: Female,Currency: Local currency,2023,65850.514,,,Currency: BFA - West African CFA franc (XOF),Repository: ILO-STATISTICS - Micro data processing
Burundi,HIES - Living Standards Survey,Average monthly earnings of employees by sex,Sex: Female,Currency: Local currency,2020,382336.895,,,Currency: BDI - Burundian franc (BIF),Repository: ILO-STATISTICS - Micro data processing
Cabo Verde,LFS - Continuous Multi-Objective Survey Employment and Labor Market Statistics,Average monthly earnings of employees by sex,Sex: Female,Currency: Local currency,2015,30874.339,Break in series,,Currency: CPV - Escudo (CVE) | Break in series: Methodology revised,Repository: ILO-STATISTICS - Micro data processing | Age coverage - minimum age: 16 years old
Cambodia,HIES - Household Socio-Economic Survey,Average monthly earnings of employees by sex,Sex: Female,Currency: Local currency,2021,990326.807,,,Currency: KHM - Riel (KHR),Repository: ILO-STATISTICS - Micro data processing
Cameroon,HS - Household Survey,Average monthly earnings of employees by sex,Sex: Female,Currency: Local currency,2014,85212.59,,,Currency: CMR - Central African CFA franc (XAF),Repository: ILO-STATISTICS - Micro data processing
Canada,LFS - Labour Force Survey,Average monthly earnings of employees by sex,Sex: Female,Currency: Local currency,2024,4904.054,,,Currency: CAN - Canadian Dollar (CAD),Repository: ILO-STATISTICS - Micro data processing
Chad,HIES - Modular and Integrated Household Survey on Living Conditions,Average monthly earnings of employees by sex,Sex: Female,Currency: Local currency,2018,100983.92,,,Currency: TCD - Central African CFA franc (XAF),Repository: ILO-STATISTICS - Micro data processing
Chile,HIES - Supplemental Income Survey,Average monthly earnings of employees by sex,Sex: Female,Currency: Local currency,2023,796006.266,,,Currency: CHL - Chilean peso (CLP),Repository: ILO-STATISTICS - Micro data processing
Colombia,LFS - Integrated Household Survey,Average monthly earnings of employees by sex,Sex: Female,Currency: Local currency,2024,1900940.129,,,Currency: COL - Colombian peso (COP),Repository: ILO-STATISTICS - Micro data processing
Comoros,LFS - National Survey on Employment and the Informal Sector,Average monthly earnings of employees by sex,Sex: Female,Currency: Local currency,2021,85218.239,,,Currency: COM - Comorian franc (KMF),Repository: ILO-STATISTICS - Micro data processing
Congo,LFS - Employment Survey,Average monthly earnings of employees by sex,Sex: Female,Currency: Local currency,2009,103764.167,Break in series,,Currency: COG - Central African CFA franc (XAF) | Break in series: Methodology revised,Repository: ILO-STATISTICS - Micro data processing | Geographical coverage: Urban areas only
"Congo, Democratic Republic of the",LFS - Survey on Employment and household's living conditions,Average monthly earnings of employees by sex,Sex: Female,Currency: Local currency,2012,66302.303,Break in series,,Currency: COD - Congolese franc (CDF) | Break in series: Methodology revised,Repository: ILO-STATISTICS - Micro data processing
Cook Islands,LFS - Labour Force Survey,Average monthly earnings of employees by sex,Sex: Female,Currency: Local currency,2019,1490.141,Break in series,,Currency: COK - New Zealand dollar (NZD) | Break in series: Methodology revised,Repository: ILO-STATISTICS - Micro data processing
Costa Rica,LFS - Continuous Employment Survey,Average monthly earnings of employees by sex,Sex: Female,Currency: Local currency,2022,542872.046,,,Job coverage: Main job currently held | Working time arrangement coverage: Full-time and part time workers | Currency: CRI - Colon (CRC),Employment definition: Excluding own-use production workers
Croatia,HIES - EU Statistics on Income and Living Conditions,Average monthly earnings of employees by sex,Sex: Female,Currency: Local currency,2023,1245.609,,,Currency: HRV - Euro (EUR),Repository: ILO-STATISTICS - Micro data processing | Age coverage - minimum age: 16 years old
Curaçao,LFS - Labour Force Survey,Average monthly earnings of employees by sex,Sex: Female,Currency: Local currency,2018,2470.9,,,Central tendency measure: Weighted mean | Value type: Real values | Accounting concept: Net | Working time arrangement coverage: Full-time and part time workers | Currency: CUW - Netherlands Antillean Guilder (ANG),Employment definition: Including subsistence workers | Data reference period: Fourth quarter
Cyprus,HIES - EU Statistics on Income and Living Conditions,Average monthly earnings of employees by sex,Sex: Female,Currency: Local currency,2023,2132.95,,,Currency: CYP - Euro (EUR),Repository: ILO-STATISTICS - Micro data processing | Age coverage - minimum age: 16 years old
Czechia,HIES - EU Statistics on Income and Living Conditions,Average monthly earnings of employees by sex,Sex: Female,Currency: Local currency,2023,1889.463,,,Currency: CZE - Euro (EUR),Repository: ILO-STATISTICS - Micro data processing | Age coverage - minimum age: 16 years old
Côte d'Ivoire,HIES - Living Standards Measurement Survey,Average monthly earnings of employees by sex,Sex: Female,Currency: Local currency,2022,115831.058,,,Currency: CIV - West African CFA franc (XOF),Repository: ILO-STATISTICS - Micro data processing
Denmark,HIES - EU Statistics on Income and Living Conditions,Average monthly earnings of employees by sex,Sex: Female,Currency: Local currency,2023,5174.567,,,Currency: DNK - Euro (EUR),Repository: ILO-STATISTICS - Micro data processing | Age coverage - minimum age: 16 years old
Djibouti,HS - Djiboutian Household Survey,Average monthly earnings of employees by sex,Sex: Female,Currency: Local currency,2017,96432.788,Break in series,,Currency: DJI - Djiboutian franc (DJF) | Break in series: Methodology revised,Repository: ILO-STATISTICS - Micro data processing
Dominican Republic,LFS - Continuous National Labour Force Survey,Average monthly earnings of employees by sex,Sex: Female,Currency: Local currency,2023,23807.72,,,Currency: DOM - Dominican peso (DOP),Repository: ILO-STATISTICS - Micro data processing
Ecuador,"LFS - National Survey on Employment, Unemployment and Underemployment",Average monthly earnings of employees by sex,Sex: Female,Currency: Local currency,2024,538.001,,,Currency: ECU - United States dollar (USD),Repository: ILO-STATISTICS - Micro data processing
Egypt,LFS - Labour Force Sample Survey,Average monthly earnings of employees by sex,Sex: Female,Currency: Local currency,2023,3385.253,,,Currency: EGY - Egyptian pound (EGP),Repository: ILO-STATISTICS - Micro data processing
El Salvador,HS - Multi-purpose Household Survey,Average monthly earnings of employees by sex,Sex: Female,Currency: Local currency,2023,1606.116,,,Currency: SLV - United States dollar (USD),Repository: ILO-STATISTICS - Micro data processing
Estonia,HIES - EU Statistics on Income and Living Conditions,Average monthly earnings of employees by sex,Sex: Female,Currency: Local currency,2023,2142.428,,,Currency: EST - Euro (EUR),Repository: ILO-STATISTICS - Micro data processing | Age coverage - minimum age: 16 years old
Eswatini,LFS - Labour Force Survey,Average monthly earnings of employees by sex,Sex: Female,Currency: Local currency,2021,5317.799,,,Currency: SWZ - Lilangeni (SZL),Repository: ILO-STATISTICS - Micro data processing
Ethiopia,LFS - National Labor Force Survey,Average monthly earnings of employees by sex,Sex: Female,Currency: Local currency,2021,3439.449,,,Currency: ETH - Birr (ETB),Repository: ILO-STATISTICS - Micro data processing
"Falkland Islands, Malvinas",PC - Population Census,Average monthly earnings of employees by sex,Sex: Female,Currency: Local currency,2016,1891.667,,,Central tendency measure: Weighted mean | Working time arrangement coverage: Full-time and part time workers | Currency: FLK - Falkland Islands pound (FKP),Population coverage: Excluding armed forces and/or conscripts
Fiji,"LFS - Employment, Unemployment Survey",Average monthly earnings of employees by sex,Sex: Female,Currency: Local currency,2016,1033.795,,,Central tendency measure: Mean of the midpoints of the intervals provided | Currency: FJI - Fijian dollar (FJD),Repository: ILO-STATISTICS - Micro data processing
Finland,HIES - EU Statistics on Income and Living Conditions,Average monthly earnings of employees by sex,Sex: Female,Currency: Local currency,2023,4283.923,,,Currency: FIN - Euro (EUR),Repository: ILO-STATISTICS - Micro data processing | Age coverage - minimum age: 16 years old
France,HIES - EU Statistics on Income and Living Conditions,Average monthly earnings of employees by sex,Sex: Female,Currency: Local currency,2023,3571.583,,,Currency: FRA - Euro (EUR),Repository: ILO-STATISTICS - Micro data processing | Age coverage - minimum age: 16 years old
French Polynesia,"ADM-IR - Social Security, Tax Administration, and French Representation",Average monthly earnings of employees by sex,Sex: Female,Currency: Local currency,2003,201481.0,,,Working time concept: Hours actually worked | Currency: PYF - CFP franc (XPF),Reference group coverage: Employees
Gambia,LFS - Labour Force Survey,Average monthly earnings of employees by sex,Sex: Female,Currency: Local currency,2018,3750.876,Break in series,,Central tendency measure: Mean of the midpoints of the intervals provided | Currency: GMB - Dalasi (GMD) | Break in series: Methodology revised,Repository: ILO-STATISTICS - Micro data processing
Georgia,HIES - Household Income and Expenditure Survey,Average monthly earnings of employees by sex,Sex: Female,Currency: Local currency,2023,751.361,,,Currency: GEO - Lari (GEL),Repository: ILO-STATISTICS - Micro data processing
Germany,HIES - EU Statistics on Income and Living Conditions,Average monthly earnings of employees by sex,Sex: Female,Currency: Local currency,2021,3424.243,,,Currency: DEU - Euro (EUR),Repository: ILO-STATISTICS - Micro data processing | Age coverage - minimum age: 16 years old
Ghana,HIES - Household Income and Expenditure Survey,Average monthly earnings of employees by sex,Sex: Female,Currency: Local currency,2022,1299.269,,,Currency: GHA - Cedi (GHS),Repository: ILO-STATISTICS - Micro data processing
Gibraltar,ES - Employment Survey,Average monthly earnings of employees by sex,Sex: Female,Currency: Local currency,2018,1331.735,,,Job coverage: Main job currently held | Working time arrangement coverage: Full-time workers | Working time concept: Hours actually worked | Currency: GIB - Gibraltar pound (GIP),Data reference period: October
Greece,HIES - EU Statistics on Income and Living Conditions,Average monthly earnings of employees by sex,Sex: Female,Currency: Local currency,2023,1732.967,,,Currency: GRC - Euro (EUR),Repository: ILO-STATISTICS - Micro data processing | Age coverage - minimum age: 16 years old
Guatemala,HIES - Household Income and Expenditure Survey,Average monthly earnings of employees by sex,Sex: Female,Currency: Local currency,2023,2612.324,,,Currency: GTM - Quetzal (GTQ),Repository: ILO-STATISTICS - Micro data processing
Guernsey,ADM - Official Estimates,Average monthly earnings of employees by sex,Sex: Female,Currency: Local currency,2013,2166.667,,,Central tendency measure: Median | Working time arrangement coverage: Full-time and part time workers | Working time concept: Hours actually worked | Currency: GGY - Guernsey pound (GGP),Reference group coverage: Employees
Guinea,LFS - National Survey on Employment and the Informal Sector,Average monthly earnings of employees by sex,Sex: Female,Currency: Local currency,2019,1495499.588,,,Currency: GIN - Guinean franc (GNF),Repository: ILO-STATISTICS - Micro data processing
Guinea-Bissau,HIES - Harmonized Survey on Household Living Conditions,Average monthly earnings of employees by sex,Sex: Female,Currency: Local currency,2022,74487.455,,,Currency: GNB - West African CFA franc (XOF),Repository: ILO-STATISTICS - Micro data processing
Guyana,LFS - Labour Force Survey,Average monthly earnings of employees by sex,Sex: Female,Currency: Local currency,2019,74712.503,,,Currency: GUY - Guyanese dollar (GYD),Repository: ILO-STATISTICS - Micro data processing
Honduras,HS - Continous Multi-Purpose Household Survey,Average monthly earnings of employees by sex,Sex: Female,Currency: Local currency,2023,11608.047,,,Currency: HND - Lempira (HNL),Repository: ILO-STATISTICS - Micro data processing | Data reference period: Second quarter
"Hong Kong, China",LFS - General Household Survey,Average monthly earnings of employees by sex,Sex: Female,Currency: Local currency,2016,12000.0,,,Central tendency measure: Median | Working time arrangement coverage: Full-time and part time workers | Currency: HKG - Hong Kong dollar (HKD),Geographical coverage: Government controlled areas | Population coverage: Excluding institutional population
Hungary,HIES - EU Statistics on Income and Living Conditions,Average monthly earnings of employees by sex,Sex: Female,Currency: Local currency,2023,942.742,,,Currency: HUN - Euro (EUR),Repository: ILO-STATISTICS - Micro data processing | Age coverage - minimum age: 16 years old
Iceland,HIES - EU Statistics on Income and Living Conditions,Average monthly earnings of employees by sex,Sex: Female,Currency: Local currency,2019,5226.14,,,Currency: ISL - Euro (EUR),Repository: ILO-STATISTICS - Micro data processing | Age coverage - minimum age: 16 years old
India,LFS - Periodic Labour Force Survey,Average monthly earnings of employees by sex,Sex: Female,Currency: Local currency,2023,15058.111,,,Currency: IND - Indian rupee (INR),Repository: ILO-STATISTICS - Micro data processing
Indonesia,LFS - National Labour Force Survey,Average monthly earnings of employees by sex,Sex: Female,Currency: Local currency,2023,2307995.085,,,Currency: IDN - Indonesian rupiah (IDR),Repository: ILO-STATISTICS - Micro data processing
Ireland,HIES - EU Statistics on Income and Living Conditions,Average monthly earnings of employees by sex,Sex: Female,Currency: Local currency,2023,3818.318,,,Currency: IRL - Euro (EUR),Repository: ILO-STATISTICS - Micro data processing | Age coverage - minimum age: 16 years old
Isle of Man,SNA - Isle of Man National Income,Average monthly earnings of employees by sex,Sex: Female,Currency: Local currency,2016,2449.697,,,Job coverage: Main job currently held | Working time arrangement coverage: Full-time workers | Currency: IMN - Manx pound (IMP),
Israel,HIES - Income Survey,Average monthly earnings of employees by sex,Sex: Female,Currency: Local currency,2021,8670.0,,,Central tendency measure: Weighted mean | Working time arrangement coverage: Full-time and part time workers | Currency: ISR - New Shekel (ILS),Employment definition: Including subsistence workers
Italy,HIES - EU Statistics on Income and Living Conditions,Average monthly earnings of employees by sex,Sex: Female,Currency: Local currency,2023,2804.042,,,Currency: ITA - Euro (EUR),Repository: ILO-STATISTICS - Micro data processing | Age coverage - minimum age: 16 years old
Jamaica,LFS - Labour Force Survey,Average monthly earnings of employees by sex,Sex: Female,Currency: Local currency,2014,37040.375,,,Currency: JAM - Jamaican dollar (JMD),Repository: ILO-STATISTICS - Micro data processing
Japan,ES - Wage Structure Survey,Average monthly earnings of employees by sex,Sex: Female,Currency: Local currency,2021,253600.0,,,Central tendency measure: Weighted mean | Working time arrangement coverage: Full-time workers | Currency: JPN - Yen (JPY),"Data reference period: June | Geographical coverage: Total national, excluding some areas | Establishment size coverage: All establishments with at least 5 employees"
Jordan,LFS - Employment and Unemployment Survey,Average monthly earnings of employees by sex,Sex: Female,Currency: Local currency,2023,336.967,,,Currency: JOR - Jordanian dinar (JOD),Repository: ILO-STATISTICS - Micro data processing
Kazakhstan,ADM-EBR - Businesses and Organizations register,Average monthly earnings of employees by sex,Sex: Female,Currency: Local currency,2022,265762.0,,,Working time arrangement coverage: Full-time and part time workers | Currency: KAZ - Tenge (KZT),Institutional sector coverage: Public sector only | Reference group coverage: Wage earners / blue collar / production workers
Kenya,HS - Continuous household survey,Average monthly earnings of employees by sex,Sex: Female,Currency: Local currency,2022,411056.706,,,Currency: KEN - Kenyan shilling (KES),Repository: ILO-STATISTICS - Micro data processing
Kiribati,HIES - Household Income and Expenditure Survey,Average monthly earnings of employees by sex,Sex: Female,Currency: Local currency,2019,419.056,,,Currency: KIR - Australian dollar (AUD),Repository: ILO-STATISTICS - Micro data processing
Kosovo,HIES - Living Standards Survey,Average monthly earnings of employees by sex,Sex: Female,Currency: Local currency,2000,414.351,,,Currency: KOS - Euro (EUR),Repository: ILO-STATISTICS - Micro data processing
Kyrgyzstan,"ES - Survey of enterprises, institutions and organisations",Average monthly earnings of employees by sex,Sex: Female,Currency: Local currency,2022,24954.0,,,Working time arrangement coverage: Full-time and part time workers | Currency: KGZ - Kyrgyzstani som (KGS),Data reference period: November | Reference group coverage: Employees
Lao People's Democratic Republic,LFS - Labour Force Survey,Average monthly earnings of employees by sex,Sex: Female,Currency: Local currency,2022,2115601.114,Break in series,,Currency: LAO - Kip (LAK) | Break in series: Methodology revised,Repository: ILO-STATISTICS - Micro data processing
Latvia,HIES - EU Statistics on Income and Living Conditions,Average monthly earnings of employees by sex,Sex: Female,Currency: Local currency,2023,1599.777,,,Currency: LVA - Euro (EUR),Repository: ILO-STATISTICS - Micro data processing | Age coverage - minimum age: 16 years old
Lebanon,LFS - Labour Force Survey,Average monthly earnings of employees by sex,Sex: Female,Currency: Local currency,2019,1215150.593,Break in series,,Currency: LBN - Lebanese pound (LBP) | Break in series: Methodology revised,Repository: ILO-STATISTICS - Micro data processing
Lesotho,LFS - Integrated Labour Force Survey,Average monthly earnings of employees by sex,Sex: Female,Currency: Local currency,2019,3062.682,,,Currency: LSO - Loti (LSL),Repository: ILO-STATISTICS - Micro data processing
Liberia,LFS - Labour Force Survey,Average monthly earnings of employees by sex,Sex: Female,Currency: Local currency,2017,1465.521,Break in series,,Currency: LBR - United States dollar (USD) | Break in series: Methodology revised,Repository: ILO-STATISTICS - Micro data processing
Liechtenstein,ADM - Other Administrative records and related sources,Average monthly earnings of employees by sex,Sex: Female,Currency: Local currency,2018,7125.0,,,Central tendency measure: Median | Working time arrangement coverage: Full-time equivalents | Currency: LIE - Swiss franc (CHF),Reference group coverage: Employees
Lithuania,HIES - EU Statistics on Income and Living Conditions,Average monthly earnings of employees by sex,Sex: Female,Currency: Local currency,2023,1627.419,,,Currency: LTU - Euro (EUR),Repository: ILO-STATISTICS - Micro data processing | Age coverage - minimum age: 16 years old
Luxembourg,HIES - EU Statistics on Income and Living Conditions,Average monthly earnings of employees by sex,Sex: Female,Currency: Local currency,2023,6484.001,,,Currency: LUX - Euro (EUR),Repository: ILO-STATISTICS - Micro data processing | Age coverage - minimum age: 16 years old
"Macao, China",LFS - Employment Survey,Average monthly earnings of employees by sex,Sex: Female,Currency: Local currency,2018,15000.0,,,Central tendency measure: Median | Working time arrangement coverage: Full-time and part time workers | Currency: MAC - Pataca (MOP),"Geographical coverage: Total national, excluding some areas | Population coverage: Excluding both institutional population and armed forces and/or conscripts"
Madagascar,LFS - National Survey on Employment and the Informal Sector,Average monthly earnings of employees by sex,Sex: Female,Currency: Local currency,2015,192285.158,,,Currency: MDG - Malagasy ariary (MGA),Repository: ILO-STATISTICS - Micro data processing
Malawi,LFS - Labour Force Survey,Average monthly earnings of employees by sex,Sex: Female,Currency: Local currency,2013,16273.427,Break in series,,Currency: MWI - Malawian kwacha (MWK) | Break in series: Methodology revised,Repository: ILO-STATISTICS - Micro data processing
Malaysia,ES - Salaries and Wages Survey,Average monthly earnings of employees by sex,Sex: Female,Currency: Local currency,2020,2889.0,,,Job coverage: Main job currently held | Working time arrangement coverage: Full-time equivalents | Currency: MYS - Ringgit (MYR),Employment definition: Excluding own-use production workers | Reference group coverage: Employees
Maldives,HIES - Household Income and Expenditure Survey,Average monthly earnings of employees by sex,Sex: Female,Currency: Local currency,2019,9804.345,,,Currency: MDV - Rufiyaa (MVR),Repository: ILO-STATISTICS - Micro data processing
Mali,HIES - Harmonized Survey on Household Living Conditions,Average monthly earnings of employees by sex,Sex: Female,Currency: Local currency,2022,65033.383,,,Currency: MLI - West African CFA franc (XOF),Repository: ILO-STATISTICS - Micro data processing
Malta,HIES - EU Statistics on Income and Living Conditions,Average monthly earnings of employees by sex,Sex: Female,Currency: Local currency,2021,2131.603,,,Currency: MLT - Euro (EUR),Repository: ILO-STATISTICS - Micro data processing | Age coverage - minimum age: 16 years old
Marshall Islands,HIES - Household Income and Expenditure Survey,Average monthly earnings of employees by sex,Sex: Female,Currency: Local currency,2019,872.328,,,Currency: MHL - United States dollar (USD),Repository: ILO-STATISTICS - Micro data processing
Mauritania,HIES - Living Standards Survey,Average monthly earnings of employees by sex,Sex: Female,Currency: Local currency,2019,46472.266,,,Currency: MRT - Ouguiya (MRU),Repository: ILO-STATISTICS - Micro data processing
Mauritius,LFS - Continuous Multi-Purpose Household Survey,Average monthly earnings of employees by sex,Sex: Female,Currency: Local currency,2023,12626.212,,,Currency: MUS - Mauritian rupee (MUR),Repository: ILO-STATISTICS - Micro data processing | Age coverage - minimum age: 16 years old
Mexico,LFS - National Occupation and Employment Survey,Average monthly earnings of employees by sex,Sex: Female,Currency: Local currency,2023,7985.893,,,Currency: MEX - New Peso (MXN),Repository: ILO-STATISTICS - Micro data processing
Mongolia,LFS - Labour Force Survey,Average monthly earnings of employees by sex,Sex: Female,Currency: Local currency,2023,1063998.79,,,Currency: MNG - Tögrög (MNT),Repository: ILO-STATISTICS - Micro data processing
Montenegro,ES - Structure of Earnings Survey,Average monthly earnings of employees by sex,Sex: Female,Currency: Local currency,2014,692.0,,,Currency: MNE - Euro (EUR),"Repository: Eurostat | Data reference period: October | Economic activity coverage: Excluding agriculture, public administration, and activities of households as employers and of extraterritorial organisations and bodies | Establishment size coverage: All establishments with at least 10 employees"
Myanmar,LFS - Labour Force Survey,Average monthly earnings of employees by sex,Sex: Female,Currency: Local currency,2020,173165.369,,,Currency: MMR - Kyat (MMK),Repository: ILO-STATISTICS - Micro data processing | Data reference period: First semester
Namibia,LFS - Labour Force Survey,Average monthly earnings of employees by sex,Sex: Female,Currency: Local currency,2018,6820.226,,,Currency: NAM - Namibian dollar (NAD),Repository: ILO-STATISTICS - Micro data processing
Nepal,LFS - Labour Force Survey,Average monthly earnings of employees by sex,Sex: Female,Currency: Local currency,2017,13629.275,Break in series,,Currency: NPL - Nepalese rupee (NPR) | Break in series: Methodology revised,Repository: ILO-STATISTICS - Micro data processing
Netherlands,HIES - EU Statistics on Income and Living Conditions,Average monthly earnings of employees by sex,Sex: Female,Currency: Local currency,2023,4248.751,,,Currency: NLD - Euro (EUR),Repository: ILO-STATISTICS - Micro data processing | Age coverage - minimum age: 16 years old
Netherlands Antilles,ADM - Other Administrative records and related sources,Average monthly earnings of employees by sex,Sex: Female,Currency: Local currency,1986,1251.0,,Nonstandard economic activity: Excluding agriculture,Working time concept: Hours actually worked | Currency: ANT - Netherlands Antillean guilder (ANG),Reference group coverage: Employees
New Caledonia,LFS - Labour Force Survey,Average monthly earnings of employees by sex,Sex: Female,Currency: Local currency,2017,205187.319,,,Currency: NCL - CFP franc (XPF),Repository: ILO-STATISTICS - Micro data processing
New Zealand,ADM - Linked employer-employee data,Average monthly earnings of employees by sex,Sex: Female,Currency: Local currency,2022,5100.0,,,Job coverage: Main job currently held | Working time arrangement coverage: Full-time and part time workers | Currency: NZL - New Zealand dollar (NZD),"Data reference period: End of the year | Geographical coverage: Total national, excluding overseas territories | Reference group coverage: Employees"
Nicaragua,HIES - National Household Survey on Measuring Living Conditions,Average monthly earnings of employees by sex,Sex: Female,Currency: Local currency,2014,10791.913,Break in series,,Currency: NIC - Cordoba (NIO) | Break in series: Methodology revised,Repository: ILO-STATISTICS - Micro data processing
Niger,HIES - National Survey on Household Living Conditions,Average monthly earnings of employees by sex,Sex: Female,Currency: Local currency,2022,68605.921,,,Currency: NER - West African CFA franc (XOF),Repository: ILO-STATISTICS - Micro data processing
Nigeria,HIES - Socio Economic Survey,Average monthly earnings of employees by sex,Sex: Female,Currency: Local currency,2019,34042.288,Break in series,,Currency: NGA - Naira (NGN) | Break in series: Methodology revised,Repository: ILO-STATISTICS - Micro data processing
North Macedonia,ES - Structure of Earnings Survey,Average monthly earnings of employees by sex,Sex: Female,Currency: Local currency,2014,28760.0,,,Currency: MKD - Denar (MKD),"Repository: Eurostat | Data reference period: October | Economic activity coverage: Excluding agriculture, public administration, and activities of households as employers and of extraterritorial organisations and bodies | Establishment size coverage: All establishments with at least 10 employees"
Norway,HIES - EU Statistics on Income and Living Conditions,Average monthly earnings of employees by sex,Sex: Female,Currency: Local currency,2023,5132.92,,,Currency: NOR - Euro (EUR),Repository: ILO-STATISTICS - Micro data processing | Age coverage - minimum age: 16 years old
Occupied Palestinian Territory,LFS - Labour Force Survey,Average monthly earnings of employees by sex,Sex: Female,Currency: Local currency,2022,2288.269,,,Currency: PSE - New Shekel (ILS),Repository: ILO-STATISTICS - Micro data processing
Pakistan,LFS - Labour Force Survey,Average monthly earnings of employees by sex,Sex: Female,Currency: Local currency,2021,20020.482,,,Currency: PAK - Pakistani rupee (PKR),Repository: ILO-STATISTICS - Micro data processing | Data reference period: Noncalendar year
Palau,PC - Population Census,Average monthly earnings of employees by sex,Sex: Female,Currency: Local currency,2000,709.445,,,Currency: PLW - United States dollar (USD),Repository: ILO-STATISTICS - Micro data processing
Panama,LFS - Labour Market Survey,Average monthly earnings of employees by sex,Sex: Female,Currency: Local currency,2023,919.514,,,Currency: PAN - Balboa (PAB),Repository: ILO-STATISTICS - Micro data processing | Data reference period: October
Paraguay,HS - Continuous Permanent Household Survey,Average monthly earnings of employees by sex,Sex: Female,Currency: Local currency,2023,2722461.516,,,Currency: PRY - Guarani (PYG),Repository: ILO-STATISTICS - Micro data processing
Peru,"LFS - Permanent Employment Survey, National",Average monthly earnings of employees by sex,Sex: Female,Currency: Local currency,2023,1578.771,,,Currency: PER - Nuevo sol (PEN),Repository: ILO-STATISTICS - Micro data processing
Philippines,LFS - Labour Force Survey,Average monthly earnings of employees by sex,Sex: Female,Currency: Local currency,2022,17090.785,,,Currency: PHL - Philippine peso (PHP),Repository: ILO-STATISTICS - Micro data processing
Poland,HIES - EU Statistics on Income and Living Conditions,Average monthly earnings of employees by sex,Sex: Female,Currency: Local currency,2023,1264.518,,,Currency: POL - Euro (EUR),Repository: ILO-STATISTICS - Micro data processing | Age coverage - minimum age: 16 years old
Portugal,LFS - Employment Survey,Average monthly earnings of employees by sex,Sex: Female,Currency: Local currency,2024,1088.037,,,Currency: PRT - Euro (EUR),Repository: ILO-STATISTICS - Micro data processing
Qatar,LFS - Labor Force Sample Survey,Average monthly earnings of employees by sex,Sex: Female,Currency: Local currency,2022,12237.0,,,Value type: Real values | Working time arrangement coverage: Full-time and part time workers | Currency: QAT - Qatari riyal (QAR),Employment definition: Excluding own-use production workers
Republic of Korea,ES - Survey on labor conditions by employment type,Average monthly earnings of employees by sex,Sex: Female,Currency: Local currency,2022,3129000.0,,,Working time arrangement coverage: Full-time and part time workers | Currency: KOR - South Korean won (KRW),Data reference period: June | Institutional sector coverage: Private sector only | Economic activity coverage: Excluding public administration | Reference group coverage: Employees | Establishment size coverage: All establishments with at least 5 employees
Republic of Moldova,LFS - Labour Force Survey,Average monthly earnings of employees by sex,Sex: Female,Currency: Local currency,2023,6010.117,,,Currency: MDA - Moldovan leu (MDL),Repository: ILO-STATISTICS - Micro data processing
Romania,HIES - EU Statistics on Income and Living Conditions,Average monthly earnings of employees by sex,Sex: Female,Currency: Local currency,2023,1135.142,,,Currency: ROU - Euro (EUR),Repository: ILO-STATISTICS - Micro data processing | Age coverage - minimum age: 16 years old
Russian Federation,ES - Establishments sample Survey on employees' wages by Occupation,Average monthly earnings of employees by sex,Sex: Female,Currency: Local currency,2021,48594.0,,,Working time arrangement coverage: Full-time and part time workers | Currency: RUS - Russian ruble (RUB),"Data reference period: October | Geographical coverage: Total national, excluding some areas"
Rwanda,LFS - Labour Force Survey,Average monthly earnings of employees by sex,Sex: Female,Currency: Local currency,2023,41355.652,,,Currency: RWA - Rwandan franc (RWF),Repository: ILO-STATISTICS - Micro data processing
Réunion,ADM-EOR - Register of the Employment Office,Average monthly earnings of employees by sex,Sex: Female,Currency: Local currency,2012,2603.608,,,Working time arrangement coverage: Full-time and part time workers | Currency: REU - Euro (EUR),
Saint Helena,ADM - Tax returns and Administrative Records,Average monthly earnings of employees by sex,Sex: Female,Currency: Local currency,2002,245.7,,,Working time concept: Hours actually worked | Currency: SHN - British pound (GBP),Data reference period: Noncalendar year | Reference group coverage: Employees
Samoa,LFS - Labour Force Survey,Average monthly earnings of employees by sex,Sex: Female,Currency: Local currency,2022,1672.814,Break in series,,Components of earnings/wages: Excluding payments in kind | Currency: WSM - Tala (WST) | Break in series: Methodology revised,Repository: ILO-STATISTICS - Micro data processing
Senegal,HIES - Harmonized Survey on Household Living Conditions,Average monthly earnings of employees by sex,Sex: Female,Currency: Local currency,2022,89516.111,,,Currency: SEN - West African CFA franc (XOF),Repository: ILO-STATISTICS - Micro data processing
Serbia,HIES - Survey on Income and living Conditions,Average monthly earnings of employees by sex,Sex: Female,Currency: Local currency,2022,721.968,,,Currency: SRB - Euro (EUR),Repository: ILO-STATISTICS - Micro data processing | Age coverage - minimum age: 16 years old
Sierra Leone,HS - Integrated Household Survey,Average monthly earnings of employees by sex,Sex: Female,Currency: Local currency,2018,1707039.809,,,Currency: SLE - Leone (SLL),Repository: ILO-STATISTICS - Micro data processing
Singapore,LFS - Labour Force Survey,Average monthly earnings of employees by sex,Sex: Female,Currency: Local currency,2021,4437.0,,,Central tendency measure: Median | Job coverage: Main job currently held | Working time arrangement coverage: Full-time workers | Currency: SGP - Singapore dollar (SGD),"Data reference period: June | Population coverage: Nationals, residents"
Slovakia,HIES - EU Statistics on Income and Living Conditions,Average monthly earnings of employees by sex,Sex: Female,Currency: Local currency,2023,1210.77,,,Currency: SVK - Euro (EUR),Repository: ILO-STATISTICS - Micro data processing | Age coverage - minimum age: 16 years old
Slovenia,HIES - EU Statistics on Income and Living Conditions,Average monthly earnings of employees by sex,Sex: Female,Currency: Local currency,2023,2534.43,,,Currency: SVN - Euro (EUR),Repository: ILO-STATISTICS - Micro data processing | Age coverage - minimum age: 16 years old
Solomon Islands,HIES - Household Income and Expenditure Survey,Average monthly earnings of employees by sex,Sex: Female,Currency: Local currency,2005,11929.336,,,Currency: SLB - Solomon Islands dollar (SBD),Repository: ILO-STATISTICS - Micro data processing
South Africa,HIES - National Income Dynamic Survey,Average monthly earnings of employees by sex,Sex: Female,Currency: Local currency,2020,6145.871,,,Currency: ZAF - Rand (ZAR),Repository: ILO-STATISTICS - Micro data processing
Spain,HIES - EU Statistics on Income and Living Conditions,Average monthly earnings of employees by sex,Sex: Female,Currency: Local currency,2023,2624.343,,,Currency: ESP - Euro (EUR),Repository: ILO-STATISTICS - Micro data processing | Age coverage - minimum age: 16 years old
Sri Lanka,LFS - Labour Force Survey,Average monthly earnings of employees by sex,Sex: Female,Currency: Local currency,2022,40597.401,,,Currency: LKA - Sri Lankan rupee (LKR),Repository: ILO-STATISTICS - Micro data processing
Sudan,LFS - Labor Market Panel Survey,Average monthly earnings of employees by sex,Sex: Female,Currency: Local currency,2022,68495.762,Break in series,,Currency: SDN - Sudanese pound (SDG) | Break in series: Methodology revised,Repository: ILO-STATISTICS - Micro data processing
Suriname,HIES - Survey on Living Conditions,Average monthly earnings of employees by sex,Sex: Female,Currency: Local currency,2016,2182.415,,,Currency: SUR - Surinamese dollar (SRD),Repository: ILO-STATISTICS - Micro data processing
Sweden,HIES - EU Statistics on Income and Living Conditions,Average monthly earnings of employees by sex,Sex: Female,Currency: Local currency,2023,3854.717,,,Currency: SWE - Euro (EUR),Repository: ILO-STATISTICS - Micro data processing | Age coverage - minimum age: 16 years old
Switzerland,LFS - Labour Force Survey,Average monthly earnings of employees by sex,Sex: Female,Currency: Local currency,2023,5010.489,,,Currency: CHE - Euro (EUR),Repository: ILO-STATISTICS - Micro data processing
Syrian Arab Republic,LFS - Labour Force Survey,Average monthly earnings of employees by sex,Sex: Female,Currency: Local currency,2010,11981.0,,,Working time arrangement coverage: Full-time and part time workers | Working time concept: Hours actually worked | Currency: SYR - Syrian pound (SYP),Reference group coverage: Salaried employed / white collar / office workers
Tajikistan,HIES - Living Standards Survey,Average monthly earnings of employees by sex,Sex: Female,Currency: Local currency,2009,175.016,,,Currency: TJK - Somoni (TJS),Repository: ILO-STATISTICS - Micro data processing
"Tanzania, United Republic of",LFS - Labour Force Survey,Average monthly earnings of employees by sex,Sex: Female,Currency: Local currency,2020,413703.937,Break in series,,Currency: TZA - Tanzanian shilling (TZS) | Break in series: Methodology revised,Repository: ILO-STATISTICS - Micro data processing
Thailand,LFS - Labour Force Survey,Average monthly earnings of employees by sex,Sex: Female,Currency: Local currency,2023,16605.174,,,Currency: THA - Baht (THB),Repository: ILO-STATISTICS - Micro data processing
Timor-Leste,LFS - Labour Force Survey,Average monthly earnings of employees by sex,Sex: Female,Currency: Local currency,2021,243.256,,,Currency: TLS - United States dollar (USD),Repository: ILO-STATISTICS - Micro data processing
Togo,HIES - Living Standards Measurement Survey,Average monthly earnings of employees by sex,Sex: Female,Currency: Local currency,2022,65344.862,,,Currency: TGO - West African CFA franc (XOF),Repository: ILO-STATISTICS - Micro data processing
Tokelau,HIES - Household Income and Expenditure Survey,Average monthly earnings of employees by sex,Sex: Female,Currency: Local currency,2016,776.732,,,Currency: TKL - New Zealand dollar (NZD),Repository: ILO-STATISTICS - Micro data processing
Tonga,LFS - Labour Force Survey,Average monthly earnings of employees by sex,Sex: Female,Currency: Local currency,2023,1499.15,,,Currency: TON - Pa'anga (TOP),Repository: ILO-STATISTICS - Micro data processing
Trinidad and Tobago,LFS - Continuous Sample Survey of the Population,Average monthly earnings of employees by sex,Sex: Female,Currency: Local currency,2016,5369.559,,,Currency: TTO - Trinidad and Tobago dollar (TTD),Repository: ILO-STATISTICS - Micro data processing
Tunisia,LFS - National Population and Employment Survey,Average monthly earnings of employees by sex,Sex: Female,Currency: Local currency,2019,678.151,,,Currency: TUN - Tunisian dinar (TND),Repository: ILO-STATISTICS - Micro data processing | Data reference period: Second quarter
Türkiye,LFS - Household Labour Force Survey,Average monthly earnings of employees by sex,Sex: Female,Currency: Local currency,2023,13288.283,,,Currency: TUR - Turkish lira (TRY),Repository: ILO-STATISTICS - Micro data processing
Uganda,LFS - National Labour Force Survey,Average monthly earnings of employees by sex,Sex: Female,Currency: Local currency,2021,371136.778,,,Currency: UGA - Ugandan shilling (UGX),Repository: ILO-STATISTICS - Micro data processing
Ukraine,ES - Survey of enterprises on matters pertaining to labor statistics,Average monthly earnings of employees by sex,Sex: Female,Currency: Local currency,2021,12668.0,,,Job coverage: Main job currently held | Working time arrangement coverage: Full-time and part time workers | Currency: UKR - Hryvnia (UAH),"Geographical coverage: Total national, excluding some areas | Economic activity coverage: Excluding activities of households as employers and of extraterritorial organizations and bodies | Reference group coverage: Employees | Establishment size coverage: All establishments with at least 10 employees"
United Arab Emirates,LFS - Labour Force Survey,Average monthly earnings of employees by sex,Sex: Female,Currency: Local currency,2009,5550.968,,,Value type: Real values | Job coverage: Main job currently held | Working time arrangement coverage: Full-time and part time workers | Working time concept: Hours actually worked | Currency: ARE - United Arab Emirates dirham (AED),Data reference period: May | Population coverage: Excluding labour camps
United Kingdom of Great Britain and Northern Ireland,LFS - Labour Force Survey,Average monthly earnings of employees by sex,Sex: Female,Currency: Local currency,2023,2437.933,,,Currency: GBR - Euro (EUR),Repository: ILO-STATISTICS - Micro data processing
United States of America,LFS - Current Population Survey,Average monthly earnings of employees by sex,Sex: Female,Currency: Local currency,2024,5093.697,,,Currency: USA - United States dollar (USD),Repository: ILO-STATISTICS - Micro data processing | Age coverage - minimum age: 16 years old
Uruguay,LFS - Continous Household Survey,Average monthly earnings of employees by sex,Sex: Female,Currency: Local currency,2020,33062.334,Break in series,,Currency: URY - Uruguayan peso (UYU) | Break in series: Methodology revised,Repository: ILO-STATISTICS - Micro data processing
Uzbekistan,OE - Official Estimates,Average monthly earnings of employees by sex,Sex: Female,Currency: Local currency,2022,3090347.185,,,Working time arrangement coverage: Full-time workers | Currency: UZB - Uzbekistani som (UZS),
Vanuatu,HIES - Household Income and Expenditure Survey,Average monthly earnings of employees by sex,Sex: Female,Currency: Local currency,2010,34100.786,,,Currency: VUT - Vatu (VUV),Repository: ILO-STATISTICS - Micro data processing
Venezuela (Bolivarian Republic of),LFS - Household Sample Survey,Average monthly earnings of employees by sex,Sex: Female,Currency: Local currency,2020,3045285.0,,,Job coverage: Main job currently held | Working time arrangement coverage: Full-time and part time workers | Currency: VEN - Bolívar soberano (VES),"Employment definition: Excluding own-use production workers | Data reference period: Second semester | Geographical coverage: Total national, excluding some areas | Population coverage: Excluding indigenous population"
Viet Nam,LFS - Labour Force Survey,Average monthly earnings of employees by sex,Sex: Female,Currency: Local currency,2023,7292601.177,,,Components of earnings/wages: Including overtime and/or irregular bonuses | Currency: VNM - Dông (VND),Repository: ILO-STATISTICS - Micro data processing
Wallis and Futuna,HIES - Household Income and Expenditure Survey,Average monthly earnings of employees by sex,Sex: Female,Currency: Local currency,2019,241904.806,,,Currency: WLF - CFP franc (XPF),Repository: ILO-STATISTICS - Micro data processing
Yemen,LFS - Labour Force Survey,Average monthly earnings of employees by sex,Sex: Female,Currency: Local currency,2014,47830.673,Break in series,,Currency: YEM - Yemeni rial (YER) | Break in series: Methodology revised,Repository: ILO-STATISTICS - Micro data processing
Zambia,LFS - Labour Force Survey,Average monthly earnings of employees by sex,Sex: Female,Currency: Local currency,2023,3203.494,,,Currency: ZMB - Zambian kwacha (ZMW),Repository: ILO-STATISTICS - Micro data processing
Zimbabwe,LFS - Labour Force Survey,Average monthly earnings of employees by sex,Sex: Female,Currency: Local currency,2023,385130.787,,,Currency: ZWE - Zimbabwean dollar (ZWL),Repository: ILO-STATISTICS - Micro data processing
